<?xml version="1.0" encoding="utf-8"?>
<!DOCTYPE hibernate-mapping PUBLIC "-//Hibernate/Hibernate Mapping DTD 3.0//EN"
"http://hibernate.sourceforge.net/hibernate-mapping-3.0.dtd">
<!-- 
    Mapping file autogenerated by MyEclipse Persistence Tools
-->
<hibernate-mapping>
    <class name="com.entity.User" table="user" catalog="sina">
        <id name="userId" type="java.lang.Integer">
            <column name="userID" />
            <generator class="assigned"></generator>
        </id>
        <property name="userName" type="java.lang.String">
            <column name="userName" length="30" not-null="true" unique="true" />
        </property>
        <property name="userPicture" type="java.lang.String">
            <column name="userPicture" length="100" />
        </property>
        <property name="password" type="java.lang.String">
            <column name="password" length="30" not-null="true" />
        </property>
        <property name="sex" type="java.lang.String">
            <column name="sex" length="2" />
        </property>
        <property name="userPhone" type="java.lang.String">
            <column name="userPhone" length="40" unique="true" />
        </property>
        <property name="userBlogAddress" type="java.lang.String">
            <column name="userBlogAddress" length="100" />
        </property>
        <property name="userBirth" type="java.util.Date">
            <column name="userBirth" length="10" />
        </property>
        <property name="userInfo" type="java.lang.String">
            <column name="userInfo" length="100" />
        </property>
        <property name="bkImage" type="java.lang.String">
            <column name="bkImage" length="100" />
        </property>
    </class>
</hibernate-mapping>
